{"cameraMode":{"drawMode":0,"name":"Shaded","section":"Shading Mode"},"sceneLighting":true,"audioPlay":false,"sceneViewState":{"m_AlwaysRefresh":false,"showFog":true,"showSkybox":true,"showFlares":true,"showImageEffects":true,"showParticleSystems":true,"showVisualEffectGraphs":true,"m_FxEnabled":true},"in2DMode":false,"pivot":{"x":-0.3709298372268677,"y":0.7290481328964233,"z":0.04256749153137207},"rotation":{"x":-0.04007800668478012,"y":0.9573988914489746,"z":-0.2346062958240509,"w":-0.16355538368225099},"size":4.860623359680176,"orthographic":false}