{"cameraMode":{"drawMode":0,"name":"Shaded","section":"Shading Mode"},"sceneLighting":true,"audioPlay":false,"sceneViewState":{"m_AlwaysRefresh":false,"showFog":true,"showSkybox":true,"showFlares":true,"showImageEffects":true,"showParticleSystems":true,"showVisualEffectGraphs":true,"m_FxEnabled":true},"in2DMode":false,"pivot":{"x":-0.2823646068572998,"y":-0.3626587390899658,"z":1.5135488510131837},"rotation":{"x":-0.13352400064468385,"y":0.8652101159095764,"z":-0.31564056873321535,"w":-0.3660089075565338},"size":13.914288520812989,"orthographic":false}